driver,quali_delta_s,quali_se_s,quali_n
ALB,0.0,0.0,15
STR,0.0,0.0,9
SAI,0.0,3.0744573674789253e+18,12
RUS,0.0,0.0,18
PIA,0.0,0.0,19
OCO,0.0,0.0,9
NOR,0.0,0.0,18
LEC,0.0,0.0,18
LAW,0.0,0.0,17
HUL,0.0,0.0,9
HAM,0.0,0.0,21
HAD,0.0,0.0,9
GAS,0.0,0.0,18
COL,0.0,0.0,15
BOR,0.0,0.0,18
BEA,0.0,0.0,15
ANT,0.0,0.0,14
ALO,0.0,0.0,11
TSU,0.0,3.074457367407926e+18,6
VER,0.0,0.0,15
