driver,quali_delta_s,quali_se_s,quali_n
ALB,0.0,0.0,20
STR,0.0,3.0744573797855923e+18,8
SAI,0.0,0.0,13
RUS,0.0,0.0,18
PIA,0.0,0.0,21
OCO,0.0,0.0,14
NOR,0.0,0.0,20
LEC,0.0,0.0,18
LAW,0.0,0.0,20
HUL,0.0,0.0,14
HAM,0.0,0.0,8
HAD,0.0,0.0,19
GAS,0.0,0.0,14
COL,0.0,0.0,6
BOR,0.0,0.0,18
BEA,0.0,0.0,13
ANT,0.0,3.0744573796645924e+18,6
ALO,0.0,0.0,8
TSU,0.0,0.0,17
VER,0.0,0.0,15
